"Epoch date","Human-readable date GMT"
Timestamps,can't convert
1537896496,09.25.2018 05:28:16 PM
1537653828,09.22.2018 10:03:48 PM
1537403356,09.20.2018 12:29:16 AM
1536343741,09.07.2018 06:09:01 PM
1536294216,09.07.2018 04:23:36 AM
1536271799,09.06.2018 10:09:59 PM
1535735166,08.31.2018 05:06:06 PM
1535576077,08.29.2018 08:54:37 PM
1535088349,08.24.2018 05:25:49 AM
1535088056,08.24.2018 05:20:56 AM
1534180944,08.13.2018 05:22:24 PM
1534139175,08.13.2018 05:46:15 AM
1533877775,08.10.2018 05:09:35 AM
1533873800,08.10.2018 04:03:20 AM
1533527116,08.06.2018 03:45:16 AM
1533328971,08.03.2018 08:42:51 PM
1533234823,08.02.2018 06:33:43 PM
1532824290,07.29.2018 12:31:30 AM
1532823978,07.29.2018 12:26:18 AM
1532395856,07.24.2018 01:30:56 AM
1531943525,07.18.2018 07:52:05 PM
1531884800,07.18.2018 03:33:20 AM
1531363912,07.12.2018 02:51:52 AM
1530326114,06.30.2018 02:35:14 AM
1530066350,06.27.2018 02:25:50 AM
1528925730,06.13.2018 09:35:30 PM
1528899295,06.13.2018 02:14:55 PM
1528860908,06.13.2018 03:35:08 AM
1528564668,06.09.2018 05:17:48 PM
1528420577,06.08.2018 01:16:17 AM
1527810398,05.31.2018 11:46:38 PM
1527562219,05.29.2018 02:50:19 AM
1527084676,05.23.2018 02:11:16 PM
1526591232,05.17.2018 09:07:12 PM
1526418821,05.15.2018 09:13:41 PM
1525749398,05.08.2018 03:16:38 AM
1524863277,04.27.2018 09:07:57 PM
1524779363,04.26.2018 09:49:23 PM
1523984255,04.17.2018 04:57:35 PM
1519169748,02.20.2018 11:35:48 PM
1517597441,02.02.2018 06:50:41 PM
1517597390,02.02.2018 06:49:50 PM
1517597372,02.02.2018 06:49:32 PM
1517597361,02.02.2018 06:49:21 PM
1517597344,02.02.2018 06:49:04 PM
1517597324,02.02.2018 06:48:44 PM
1517597312,02.02.2018 06:48:32 PM
1517597288,02.02.2018 06:48:08 PM
1517597244,02.02.2018 06:47:24 PM
1517597239,02.02.2018 06:47:19 PM
1517597227,02.02.2018 06:47:07 PM
1516989279,01.26.2018 05:54:39 PM
1516989223,01.26.2018 05:53:43 PM
1516989217,01.26.2018 05:53:37 PM
1516989199,01.26.2018 05:53:19 PM
1516989194,01.26.2018 05:53:14 PM
1516988954,01.26.2018 05:49:14 PM
1516988931,01.26.2018 05:48:51 PM
1516988449,01.26.2018 05:40:49 PM
1516988443,01.26.2018 05:40:43 PM
1516427978,01.20.2018 05:59:38 AM
1516427965,01.20.2018 05:59:25 AM
1516427905,01.20.2018 05:58:25 AM
1516427858,01.20.2018 05:57:38 AM
1516427851,01.20.2018 05:57:31 AM
1516427840,01.20.2018 05:57:20 AM
1516427811,01.20.2018 05:56:51 AM
1516427788,01.20.2018 05:56:28 AM
1516427584,01.20.2018 05:53:04 AM
1516427569,01.20.2018 05:52:49 AM
1516427550,01.20.2018 05:52:30 AM
1516427511,01.20.2018 05:51:51 AM
1516427449,01.20.2018 05:50:49 AM
1516427442,01.20.2018 05:50:42 AM
1516427434,01.20.2018 05:50:34 AM
1516250771,01.18.2018 04:46:11 AM
1516250744,01.18.2018 04:45:44 AM
1516250723,01.18.2018 04:45:23 AM
1515107388,01.04.2018 11:09:48 PM
1564453223,07.30.2019 02:20:23 AM
1563462386,07.18.2019 03:06:26 PM
1560180243,06.10.2019 03:24:03 PM
1559928405,06.07.2019 05:26:45 PM
1559534483,06.03.2019 04:01:23 AM
1559158533,05.29.2019 07:35:33 PM
1558810325,05.25.2019 06:52:05 PM
1558399220,05.21.2019 12:40:20 AM
1558040025,05.16.2019 08:53:45 PM
1557855805,05.14.2019 05:43:25 PM
1557847034,05.14.2019 03:17:14 PM
1557605998,05.11.2019 08:19:58 PM
1557447017,05.10.2019 12:10:17 AM
1556736690,05.01.2019 06:51:30 PM
1556304064,04.26.2019 06:41:04 PM
1555948120,04.22.2019 03:48:40 PM
1555355492,04.15.2019 07:11:32 PM
1555338337,04.15.2019 02:25:37 PM
1555095135,04.12.2019 06:52:15 PM
1554933858,04.10.2019 10:04:18 PM
1554865289,04.10.2019 03:01:29 AM
1554865157,04.10.2019 02:59:17 AM
1554411557,04.04.2019 08:59:17 PM
1553881586,03.29.2019 05:46:26 PM
1553833303,03.29.2019 04:21:43 AM
1553792272,03.28.2019 04:57:52 PM
1553657306,03.27.2019 03:28:26 AM
1553615467,03.26.2019 03:51:07 PM
1553392586,03.24.2019 01:56:26 AM
1553392448,03.24.2019 01:54:08 AM
1553043947,03.20.2019 01:05:47 AM
1552681367,03.15.2019 08:22:47 PM
1552412196,03.12.2019 05:36:36 PM
1552184778,03.10.2019 02:26:18 AM
1552184178,03.10.2019 02:16:18 AM
1551677047,03.04.2019 05:24:07 AM
1551677021,03.04.2019 05:23:41 AM
1551677013,03.04.2019 05:23:33 AM
1551677006,03.04.2019 05:23:26 AM
1551676790,03.04.2019 05:19:50 AM
1551676688,03.04.2019 05:18:08 AM
1551675989,03.04.2019 05:06:29 AM
1551591153,03.03.2019 05:32:33 AM
1551203700,02.26.2019 05:55:00 PM
1550779970,02.21.2019 08:12:50 PM
1549319762,02.04.2019 10:36:02 PM
1548967246,01.31.2019 08:40:46 PM
1548789226,01.29.2019 07:13:46 PM
1548718583,01.28.2019 11:36:23 PM
1548485752,01.26.2019 06:55:52 AM
1548451055,01.25.2019 09:17:35 PM
1548450617,01.25.2019 09:10:17 PM
1548380145,01.25.2019 01:35:45 AM
1548367190,01.24.2019 09:59:50 PM
1548367097,01.24.2019 09:58:17 PM
1548036014,01.21.2019 02:00:14 AM
1547852356,01.18.2019 10:59:16 PM
1547846126,01.18.2019 09:15:26 PM
1547315989,01.12.2019 05:59:49 PM
1547276903,01.12.2019 07:08:23 AM
1547274727,01.12.2019 06:32:07 AM
1547264562,01.12.2019 03:42:42 AM
1547221680,01.11.2019 03:48:00 PM
1547139085,01.10.2019 04:51:25 PM
1547099539,01.10.2019 05:52:19 AM
1546994275,01.09.2019 12:37:55 AM
1546637495,01.04.2019 09:31:35 PM
1546135040,12.30.2018 01:57:20 AM
1545766971,12.25.2018 07:42:51 PM
1545622104,12.24.2018 03:28:24 AM
1545515285,12.22.2018 09:48:05 PM
1545444370,12.22.2018 02:06:10 AM
1545279164,12.20.2018 04:12:44 AM
1545081587,12.17.2018 09:19:47 PM
1544835364,12.15.2018 12:56:04 AM
1544827700,12.14.2018 10:48:20 PM
1544805594,12.14.2018 04:39:54 PM
1544743760,12.13.2018 11:29:20 PM
1544717777,12.13.2018 04:16:17 PM
1544544743,12.11.2018 04:12:23 PM
1544542689,12.11.2018 03:38:09 PM
1544467734,12.10.2018 06:48:54 PM
1544333186,12.09.2018 05:26:26 AM
1543962023,12.04.2018 10:20:23 PM
1543188488,11.25.2018 11:28:08 PM
1542829588,11.21.2018 07:46:28 PM
1542748831,11.20.2018 09:20:31 PM
1542228332,11.14.2018 08:45:32 PM
1542072460,11.13.2018 01:27:40 AM
1541922832,11.11.2018 07:53:52 AM
1541023355,10.31.2018 10:02:35 PM
1540252096,10.22.2018 11:48:16 PM
1539882036,10.18.2018 05:00:36 PM
1539181154,10.10.2018 02:19:14 PM
1538782390,10.05.2018 11:33:10 PM
1538712635,10.05.2018 04:10:35 AM
1538684368,10.04.2018 08:19:28 PM
1538351393,09.30.2018 11:49:53 PM
1538332800,09.30.2018 06:40:00 PM
1538144540,09.28.2018 02:22:20 PM
1632081792,09.19.2021 08:03:12 PM
1632081610,09.19.2021 08:00:10 PM
1631647147,09.14.2021 07:19:07 PM
1631647137,09.14.2021 07:18:57 PM
1629009860,08.15.2021 06:44:20 AM
1628522837,08.09.2021 03:27:17 PM
1626826334,07.21.2021 12:12:14 AM
1626539895,07.17.2021 04:38:15 PM
1623254226,06.09.2021 03:57:06 PM
1617037317,03.29.2021 05:01:57 PM
1615532414,03.12.2021 07:00:14 AM
1615527939,03.12.2021 05:45:39 AM
1615235660,03.08.2021 08:34:20 PM
1615234522,03.08.2021 08:15:22 PM
1611353748,01.22.2021 10:15:48 PM
1608245654,12.17.2020 10:54:14 PM
1607197413,12.05.2020 07:43:33 PM
1605559012,11.16.2020 08:36:52 PM
1603297921,10.21.2020 04:32:01 PM
1602691574,10.14.2020 04:06:14 PM
1601746104,10.03.2020 05:28:24 PM
1601681082,10.02.2020 11:24:42 PM
1601482784,09.30.2020 04:19:44 PM
1600540306,09.19.2020 06:31:46 PM
1600311994,09.17.2020 03:06:34 AM
1600121272,09.14.2020 10:07:52 PM
1600121060,09.14.2020 10:04:20 PM
1598068348,08.22.2020 03:52:28 AM
1595698758,07.25.2020 05:39:18 PM
1595301305,07.21.2020 03:15:05 AM
1594916135,07.16.2020 04:15:35 PM
1594854378,07.15.2020 11:06:18 PM
1594842920,07.15.2020 07:55:20 PM
1594827853,07.15.2020 03:44:13 PM
1594515533,07.12.2020 12:58:53 AM
1594435947,07.11.2020 02:52:27 AM
1593057617,06.25.2020 04:00:17 AM
1592019520,06.13.2020 03:38:40 AM
1591829040,06.10.2020 10:44:00 PM
1591567422,06.07.2020 10:03:42 PM
1591397478,06.05.2020 10:51:18 PM
1591226246,06.03.2020 11:17:26 PM
1591226050,06.03.2020 11:14:10 PM
1590818773,05.30.2020 06:06:13 AM
1590802747,05.30.2020 01:39:07 AM
1590728584,05.29.2020 05:03:04 AM
1590705486,05.28.2020 10:38:06 PM
1590689521,05.28.2020 06:12:01 PM
1590462532,05.26.2020 03:08:52 AM
1590090481,05.21.2020 07:48:01 PM
1590038264,05.21.2020 05:17:44 AM
1589650078,05.16.2020 05:27:58 PM
1589516993,05.15.2020 04:29:53 AM
1587751480,04.24.2020 06:04:40 PM
1587663615,04.23.2020 05:40:15 PM
1587586686,04.22.2020 08:18:06 PM
1587433057,04.21.2020 01:37:37 AM
1587263393,04.19.2020 02:29:53 AM
1587008719,04.16.2020 03:45:19 AM
1586232400,04.07.2020 04:06:40 AM
1585980205,04.04.2020 06:03:25 AM
1585523661,03.29.2020 11:14:21 PM
1585333673,03.27.2020 06:27:53 PM
1585271263,03.27.2020 01:07:43 AM
1585098355,03.25.2020 01:05:55 AM
1584559603,03.18.2020 07:26:43 PM
1583876807,03.10.2020 09:46:47 PM
1583852865,03.10.2020 03:07:45 PM
1583541357,03.07.2020 12:35:57 AM
1583472292,03.06.2020 05:24:52 AM
1583299441,03.04.2020 05:24:01 AM
1582938032,02.29.2020 01:00:32 AM
1582904988,02.28.2020 03:49:48 PM
1582762892,02.27.2020 12:21:32 AM
1582606344,02.25.2020 04:52:24 AM
1581876283,02.16.2020 06:04:43 PM
1581876150,02.16.2020 06:02:30 PM
1581718754,02.14.2020 10:19:14 PM
1581559387,02.13.2020 02:03:07 AM
1581207623,02.09.2020 12:20:23 AM
1580711715,02.03.2020 06:35:15 AM
1580711631,02.03.2020 06:33:51 AM
1580281716,01.29.2020 07:08:36 AM
1579410158,01.19.2020 05:02:38 AM
1579244350,01.17.2020 06:59:10 AM
1578368336,01.07.2020 03:38:56 AM
1575647835,12.06.2019 03:57:15 PM
1572557898,10.31.2019 09:38:18 PM
1572550798,10.31.2019 07:39:58 PM
1572492250,10.31.2019 03:24:10 AM
1572491801,10.31.2019 03:16:41 AM
1572483294,10.31.2019 12:54:54 AM
1571236104,10.16.2019 02:28:24 PM
1570121612,10.03.2019 04:53:32 PM
1570114223,10.03.2019 02:50:23 PM
1570079403,10.03.2019 05:10:03 AM
1570058067,10.02.2019 11:14:27 PM
1569369229,09.24.2019 11:53:49 PM
1567111952,08.29.2019 08:52:32 PM
1565878228,08.15.2019 02:10:28 PM
1668615751,11.16.2022 04:22:31 PM
1668615630,11.16.2022 04:20:30 PM
1668615423,11.16.2022 04:17:03 PM
1668395648,11.14.2022 03:14:08 AM
1668292880,11.12.2022 10:41:20 PM
1668292842,11.12.2022 10:40:42 PM
1668292680,11.12.2022 10:38:00 PM
1668208626,11.11.2022 11:17:06 PM
1668116743,11.10.2022 09:45:43 PM
1668011019,11.09.2022 04:23:39 PM
1668010718,11.09.2022 04:18:38 PM
1668010477,11.09.2022 04:14:37 PM
1667944994,11.08.2022 10:03:14 PM
1667933544,11.08.2022 06:52:24 PM
1667851584,11.07.2022 08:06:24 PM
1667851392,11.07.2022 08:03:12 PM
1667712977,11.06.2022 05:36:17 AM
1667712810,11.06.2022 05:33:30 AM
1667712785,11.06.2022 05:33:05 AM
1667712624,11.06.2022 05:30:24 AM
1667712517,11.06.2022 05:28:37 AM
1667443564,11.03.2022 02:46:04 AM
1667415803,11.02.2022 07:03:23 PM
1667346053,11.01.2022 11:40:53 PM
1667005055,10.29.2022 12:57:35 AM
1667004777,10.29.2022 12:52:57 AM
1667003657,10.29.2022 12:34:17 AM
1667003395,10.29.2022 12:29:55 AM
1667003381,10.29.2022 12:29:41 AM
1666937235,10.28.2022 06:07:15 AM
1666924599,10.28.2022 02:36:39 AM
1666903586,10.27.2022 08:46:26 PM
1666903241,10.27.2022 08:40:41 PM
1666902964,10.27.2022 08:36:04 PM
1666626487,10.24.2022 03:48:07 PM
1666567830,10.23.2022 11:30:30 PM
1666567571,10.23.2022 11:26:11 PM
1666567138,10.23.2022 11:18:58 PM
1666418252,10.22.2022 05:57:32 AM
1666417784,10.22.2022 05:49:44 AM
1666398767,10.22.2022 12:32:47 AM
1666398619,10.22.2022 12:30:19 AM
1666397893,10.22.2022 12:18:13 AM
1666313039,10.21.2022 12:43:59 AM
1666247650,10.20.2022 06:34:10 AM
1666247150,10.20.2022 06:25:50 AM
1665720713,10.14.2022 04:11:53 AM
1665346520,10.09.2022 08:15:20 PM
1665346457,10.09.2022 08:14:17 PM
1665346022,10.09.2022 08:07:02 PM
1665345733,10.09.2022 08:02:13 PM
1664236025,09.26.2022 11:47:05 PM
1664235847,09.26.2022 11:44:07 PM
1664235563,09.26.2022 11:39:23 PM
1663810010,09.22.2022 01:26:50 AM
1663261739,09.15.2022 05:08:59 PM
1662011090,09.01.2022 05:44:50 AM
1661312316,08.24.2022 03:38:36 AM
1660887154,08.19.2022 05:32:34 AM
1660012132,08.09.2022 02:28:52 AM
1655774485,06.21.2022 01:21:25 AM
1652461409,05.13.2022 05:03:29 PM
1651810809,05.06.2022 04:20:09 AM
1651245094,04.29.2022 03:11:34 PM
1651073280,04.27.2022 03:28:00 PM
1649976294,04.14.2022 10:44:54 PM
1649976188,04.14.2022 10:43:08 PM
1646714067,03.08.2022 04:34:27 AM
1646709465,03.08.2022 03:17:45 AM
1646362413,03.04.2022 02:53:33 AM
1645319644,02.20.2022 01:14:04 AM
1644965215,02.15.2022 10:46:55 PM
1644892387,02.15.2022 02:33:07 AM
1644821430,02.14.2022 06:50:30 AM
1643672114,01.31.2022 11:35:14 PM
1642572267,01.19.2022 06:04:27 AM
1642452969,01.17.2022 08:56:09 PM
1641455879,01.06.2022 07:57:59 AM
1641090338,01.02.2022 02:25:38 AM
1640759081,12.29.2021 06:24:41 AM
1640492696,12.26.2021 04:24:56 AM
1640301687,12.23.2021 11:21:27 PM
1639360545,12.13.2021 01:55:45 AM
1639251766,12.11.2021 07:42:46 PM
1639033709,12.09.2021 07:08:29 AM
1635789290,11.01.2021 05:54:50 PM
1634864206,10.22.2021 12:56:46 AM
1634851103,10.21.2021 09:18:23 PM
1634671625,10.19.2021 07:27:05 PM
1634534115,10.18.2021 05:15:15 AM
1634441417,10.17.2021 03:30:17 AM
1634233360,10.14.2021 05:42:40 PM
1634232364,10.14.2021 05:26:04 PM
1634092889,10.13.2021 02:41:29 AM
1633993915,10.11.2021 11:11:55 PM
1633470413,10.05.2021 09:46:53 PM
1633203906,10.02.2021 07:45:06 PM
1632958637,09.29.2021 11:37:17 PM
1632871519,09.28.2021 11:25:19 PM
1632110979,09.20.2021 04:09:39 AM
1672169180,12.27.2022 07:26:20 PM
1672169094,12.27.2022 07:24:54 PM
1672082113,12.26.2022 07:15:13 PM
1672081772,12.26.2022 07:09:32 PM
1672018275,12.26.2022 01:31:15 AM
1671993190,12.25.2022 06:33:10 PM
1671992968,12.25.2022 06:29:28 PM
1671992589,12.25.2022 06:23:09 PM
1671992405,12.25.2022 06:20:05 PM
1671992110,12.25.2022 06:15:10 PM
1671949602,12.25.2022 06:26:42 AM
1671927802,12.25.2022 12:23:22 AM
1671927645,12.25.2022 12:20:45 AM
1671927477,12.25.2022 12:17:57 AM
1671927192,12.25.2022 12:13:12 AM
1671734830,12.22.2022 06:47:10 PM
1671734648,12.22.2022 06:44:08 PM
1671732231,12.22.2022 06:03:51 PM
1671681117,12.22.2022 03:51:57 AM
1671681089,12.22.2022 03:51:29 AM
1671679599,12.22.2022 03:26:39 AM
1671662447,12.21.2022 10:40:47 PM
1671651042,12.21.2022 07:30:42 PM
1671650715,12.21.2022 07:25:15 PM
1671650648,12.21.2022 07:24:08 PM
1671650532,12.21.2022 07:22:12 PM
1671649899,12.21.2022 07:11:39 PM
1671649621,12.21.2022 07:07:01 PM
1671649594,12.21.2022 07:06:34 PM
1671649522,12.21.2022 07:05:22 PM
1671649494,12.21.2022 07:04:54 PM
1671588297,12.21.2022 02:04:57 AM
1671588199,12.21.2022 02:03:19 AM
1671587997,12.21.2022 01:59:57 AM
1671587924,12.21.2022 01:58:44 AM
1671587897,12.21.2022 01:58:17 AM
1671488584,12.19.2022 10:23:04 PM
1671488420,12.19.2022 10:20:20 PM
1671480349,12.19.2022 08:05:49 PM
1671331942,12.18.2022 02:52:22 AM
1671321657,12.18.2022 12:00:57 AM
1671321414,12.17.2022 11:56:54 PM
1671175077,12.16.2022 07:17:57 AM
1671174935,12.16.2022 07:15:35 AM
1671154172,12.16.2022 01:29:32 AM
1671153782,12.16.2022 01:23:02 AM
1671039113,12.14.2022 05:31:53 PM
1671038663,12.14.2022 05:24:23 PM
1671038495,12.14.2022 05:21:35 PM
1670947968,12.13.2022 04:12:48 PM
1670947667,12.13.2022 04:07:47 PM
1670908492,12.13.2022 05:14:52 AM
1670887256,12.12.2022 11:20:56 PM
1670887097,12.12.2022 11:18:17 PM
1670867385,12.12.2022 05:49:45 PM
1670823922,12.12.2022 05:45:22 AM
1670803610,12.12.2022 12:06:50 AM
1670792793,12.11.2022 09:06:33 PM
1670792701,12.11.2022 09:05:01 PM
1670792524,12.11.2022 09:02:04 PM
1670744693,12.11.2022 07:44:53 AM
1670736380,12.11.2022 05:26:20 AM
1670732571,12.11.2022 04:22:51 AM
1670714187,12.10.2022 11:16:27 PM
1670652523,12.10.2022 06:08:43 AM
1670652430,12.10.2022 06:07:10 AM
1670547490,12.09.2022 12:58:10 AM
1670547067,12.09.2022 12:51:07 AM
1670546861,12.09.2022 12:47:41 AM
1670546786,12.09.2022 12:46:26 AM
1670533902,12.08.2022 09:11:42 PM
1670533833,12.08.2022 09:10:33 PM
1670533711,12.08.2022 09:08:31 PM
1670533692,12.08.2022 09:08:12 PM
1670533586,12.08.2022 09:06:26 PM
1670533496,12.08.2022 09:04:56 PM
1670533405,12.08.2022 09:03:25 PM
1670533061,12.08.2022 08:57:41 PM
1670476423,12.08.2022 05:13:43 AM
1670476226,12.08.2022 05:10:26 AM
1670476048,12.08.2022 05:07:28 AM
1670462206,12.08.2022 01:16:46 AM
1670200733,12.05.2022 12:38:53 AM
1670128980,12.04.2022 04:43:00 AM
1670128771,12.04.2022 04:39:31 AM
1670093282,12.03.2022 06:48:02 PM
1670093227,12.03.2022 06:47:07 PM
1670093170,12.03.2022 06:46:10 PM
1669875195,12.01.2022 06:13:15 AM
1669874577,12.01.2022 06:02:57 AM
1669868490,12.01.2022 04:21:30 AM
1669825003,11.30.2022 04:16:43 PM
1669535370,11.27.2022 07:49:30 AM
1669399181,11.25.2022 05:59:41 PM
1669009723,11.21.2022 05:48:43 AM
1668803239,11.18.2022 08:27:19 PM
1668746839,11.18.2022 04:47:19 AM
1668741276,11.18.2022 03:14:36 AM
1668741115,11.18.2022 03:11:55 AM
1668741081,11.18.2022 03:11:21 AM
1674090535,01.19.2023 01:08:55 AM
1673972946,01.17.2023 04:29:06 PM
1673972831,01.17.2023 04:27:11 PM
1673903456,01.16.2023 09:10:56 PM
1673903396,01.16.2023 09:09:56 PM
1673903269,01.16.2023 09:07:49 PM
1673903181,01.16.2023 09:06:21 PM
1673903082,01.16.2023 09:04:42 PM
1673903034,01.16.2023 09:03:54 PM
1673902572,01.16.2023 08:56:12 PM
1673803772,01.15.2023 05:29:32 PM
1673756721,01.15.2023 04:25:21 AM
1673756607,01.15.2023 04:23:27 AM
1673680516,01.14.2023 07:15:16 AM
1673680309,01.14.2023 07:11:49 AM
1673634561,01.13.2023 06:29:21 PM
1673629739,01.13.2023 05:08:59 PM
1673629292,01.13.2023 05:01:32 PM
1673628809,01.13.2023 04:53:29 PM
1673591452,01.13.2023 06:30:52 AM
1673591396,01.13.2023 06:29:56 AM
1673560611,01.12.2023 09:56:51 PM
1673537029,01.12.2023 03:23:49 PM
1673536826,01.12.2023 03:20:26 PM
1673502211,01.12.2023 05:43:31 AM
1673502053,01.12.2023 05:40:53 AM
1673501995,01.12.2023 05:39:55 AM
1673480119,01.11.2023 11:35:19 PM
1673480021,01.11.2023 11:33:41 PM
1673479909,01.11.2023 11:31:49 PM
1673479861,01.11.2023 11:31:01 PM
1673479749,01.11.2023 11:29:09 PM
1673479712,01.11.2023 11:28:32 PM
1673470009,01.11.2023 08:46:49 PM
1673462262,01.11.2023 06:37:42 PM
1673399178,01.11.2023 01:06:18 AM
1673398740,01.11.2023 12:59:00 AM
1673317623,01.10.2023 02:27:03 AM
1673317144,01.10.2023 02:19:04 AM
1673316652,01.10.2023 02:10:52 AM
1673306818,01.09.2023 11:26:58 PM
1673306570,01.09.2023 11:22:50 PM
1673306365,01.09.2023 11:19:25 PM
1673305675,01.09.2023 11:07:55 PM
1673305577,01.09.2023 11:06:17 PM
1673304479,01.09.2023 10:47:59 PM
1673304399,01.09.2023 10:46:39 PM
1673304355,01.09.2023 10:45:55 PM
1673304203,01.09.2023 10:43:23 PM
1673302846,01.09.2023 10:20:46 PM
1673302631,01.09.2023 10:17:11 PM
1673029716,01.06.2023 06:28:36 PM
1673029553,01.06.2023 06:25:53 PM
1673027723,01.06.2023 05:55:23 PM
1673024418,01.06.2023 05:00:18 PM
1673024229,01.06.2023 04:57:09 PM
1673024076,01.06.2023 04:54:36 PM
1673023736,01.06.2023 04:48:56 PM
1672967827,01.06.2023 01:17:07 AM
1672967691,01.06.2023 01:14:51 AM
1672955596,01.05.2023 09:53:16 PM
1672955567,01.05.2023 09:52:47 PM
1672955412,01.05.2023 09:50:12 PM
1672942184,01.05.2023 06:09:44 PM
1672942160,01.05.2023 06:09:20 PM
1672941943,01.05.2023 06:05:43 PM
1672941821,01.05.2023 06:03:41 PM
1672882613,01.05.2023 01:36:53 AM
1672873384,01.04.2023 11:03:04 PM
1672871160,01.04.2023 10:26:00 PM
1672870981,01.04.2023 10:23:01 PM
1672796536,01.04.2023 01:42:16 AM
1672796496,01.04.2023 01:41:36 AM
1672796108,01.04.2023 01:35:08 AM
1672795846,01.04.2023 01:30:46 AM
1672795766,01.04.2023 01:29:26 AM
1672776672,01.03.2023 08:11:12 PM
1672776370,01.03.2023 08:06:10 PM
1672776224,01.03.2023 08:03:44 PM
1672776138,01.03.2023 08:02:18 PM
1672775928,01.03.2023 07:58:48 PM
1672718121,01.03.2023 03:55:21 AM
1672693434,01.02.2023 09:03:54 PM
1672631594,01.02.2023 03:53:14 AM
1672631512,01.02.2023 03:51:52 AM
1672505856,12.31.2022 04:57:36 PM
1672505576,12.31.2022 04:52:56 PM
1672471242,12.31.2022 07:20:42 AM
1672366029,12.30.2022 02:07:09 AM
1672365645,12.30.2022 02:00:45 AM
1672358738,12.30.2022 12:05:38 AM
1672358654,12.30.2022 12:04:14 AM
1672358491,12.30.2022 12:01:31 AM
1672358315,12.29.2022 11:58:35 PM
1672358250,12.29.2022 11:57:30 PM
1672358060,12.29.2022 11:54:20 PM
1672357955,12.29.2022 11:52:35 PM
1672357915,12.29.2022 11:51:55 PM
1672357877,12.29.2022 11:51:17 PM
1672357798,12.29.2022 11:49:58 PM
1676582840,02.16.2023 09:27:20 PM
1676582735,02.16.2023 09:25:35 PM
1676582707,02.16.2023 09:25:07 PM
1676582674,02.16.2023 09:24:34 PM
1676582622,02.16.2023 09:23:42 PM
1676582615,02.16.2023 09:23:35 PM
1676582541,02.16.2023 09:22:21 PM
1676582137,02.16.2023 09:15:37 PM
1676507463,02.16.2023 12:31:03 AM
1676345774,02.14.2023 03:36:14 AM
1676345399,02.14.2023 03:29:59 AM
1676345353,02.14.2023 03:29:13 AM
1676345258,02.14.2023 03:27:38 AM
1676238494,02.12.2023 09:48:14 PM
1676238295,02.12.2023 09:44:55 PM
1676238126,02.12.2023 09:42:06 PM
1676238071,02.12.2023 09:41:11 PM
1676237979,02.12.2023 09:39:39 PM
1676237856,02.12.2023 09:37:36 PM
1676237846,02.12.2023 09:37:26 PM
1676158367,02.11.2023 11:32:47 PM
1676158183,02.11.2023 11:29:43 PM
1675964447,02.09.2023 05:40:47 PM
1675964239,02.09.2023 05:37:19 PM
1675964019,02.09.2023 05:33:39 PM
1675963706,02.09.2023 05:28:26 PM
1675927834,02.09.2023 07:30:34 AM
1675927763,02.09.2023 07:29:23 AM
1675927601,02.09.2023 07:26:41 AM
1675927357,02.09.2023 07:22:37 AM
1675791815,02.07.2023 05:43:35 PM
1675791751,02.07.2023 05:42:31 PM
1675791691,02.07.2023 05:41:31 PM
1675791633,02.07.2023 05:40:33 PM
1675791555,02.07.2023 05:39:15 PM
1675791538,02.07.2023 05:38:58 PM
1675791384,02.07.2023 05:36:24 PM
1675749702,02.07.2023 06:01:42 AM
1675656297,02.06.2023 04:04:57 AM
1675634788,02.05.2023 10:06:28 PM
1675634767,02.05.2023 10:06:07 PM
1675407356,02.03.2023 06:55:56 AM
1675407293,02.03.2023 06:54:53 AM
1675407041,02.03.2023 06:50:41 AM
1675406851,02.03.2023 06:47:31 AM
1675406654,02.03.2023 06:44:14 AM
1675406536,02.03.2023 06:42:16 AM
1675356815,02.02.2023 04:53:35 PM
1675356799,02.02.2023 04:53:19 PM
1675355565,02.02.2023 04:32:45 PM
1675355519,02.02.2023 04:31:59 PM
1675355440,02.02.2023 04:30:40 PM
1675355403,02.02.2023 04:30:03 PM
1675355374,02.02.2023 04:29:34 PM
1675355342,02.02.2023 04:29:02 PM
1675355164,02.02.2023 04:26:04 PM
1675355132,02.02.2023 04:25:32 PM
1675355002,02.02.2023 04:23:22 PM
1675354968,02.02.2023 04:22:48 PM
1675354928,02.02.2023 04:22:08 PM
1675354870,02.02.2023 04:21:10 PM
1675354854,02.02.2023 04:20:54 PM
1675354777,02.02.2023 04:19:37 PM
1675354645,02.02.2023 04:17:25 PM
1675354304,02.02.2023 04:11:44 PM
1675031341,01.29.2023 10:29:01 PM
1674966197,01.29.2023 04:23:17 AM
1674965977,01.29.2023 04:19:37 AM
1674878858,01.28.2023 04:07:38 AM
1674878804,01.28.2023 04:06:44 AM
1674878628,01.28.2023 04:03:48 AM
1674878604,01.28.2023 04:03:24 AM
1674577746,01.24.2023 04:29:06 PM
1674577587,01.24.2023 04:26:27 PM
1674503596,01.23.2023 07:53:16 PM
1674503533,01.23.2023 07:52:13 PM
1674503513,01.23.2023 07:51:53 PM
1674503441,01.23.2023 07:50:41 PM
1674503299,01.23.2023 07:48:19 PM
1674503193,01.23.2023 07:46:33 PM
1674436025,01.23.2023 01:07:05 AM
1674408398,01.22.2023 05:26:38 PM
1674408314,01.22.2023 05:25:14 PM
1674407514,01.22.2023 05:11:54 PM
1674406405,01.22.2023 04:53:25 PM
1674406335,01.22.2023 04:52:15 PM
1674364972,01.22.2023 05:22:52 AM
1674364908,01.22.2023 05:21:48 AM
1674364789,01.22.2023 05:19:49 AM
1674364710,01.22.2023 05:18:30 AM
1674364652,01.22.2023 05:17:32 AM
1674344915,01.21.2023 11:48:35 PM
1674257514,01.20.2023 11:31:54 PM
1674257188,01.20.2023 11:26:28 PM
1674246666,01.20.2023 08:31:06 PM
1674246599,01.20.2023 08:29:59 PM
1674246539,01.20.2023 08:28:59 PM
1674246516,01.20.2023 08:28:36 PM
1674246418,01.20.2023 08:26:58 PM
1674245891,01.20.2023 08:18:11 PM
1677603370,02.28.2023 04:56:10 PM
1677603301,02.28.2023 04:55:01 PM
1677549472,02.28.2023 01:57:52 AM
1677543721,02.28.2023 12:22:01 AM
1677543663,02.28.2023 12:21:03 AM
1677543639,02.28.2023 12:20:39 AM
1677543567,02.28.2023 12:19:27 AM
1677543423,02.28.2023 12:17:03 AM
1677543353,02.28.2023 12:15:53 AM
1677543291,02.28.2023 12:14:51 AM
1677482724,02.27.2023 07:25:24 AM
1677482625,02.27.2023 07:23:45 AM
1677438276,02.26.2023 07:04:36 PM
1677438225,02.26.2023 07:03:45 PM
1677437986,02.26.2023 06:59:46 PM
1677437952,02.26.2023 06:59:12 PM
1677437892,02.26.2023 06:58:12 PM
1677437773,02.26.2023 06:56:13 PM
1677437716,02.26.2023 06:55:16 PM
1677437589,02.26.2023 06:53:09 PM
1677437560,02.26.2023 06:52:40 PM
1677393459,02.26.2023 06:37:39 AM
1677393366,02.26.2023 06:36:06 AM
1677393228,02.26.2023 06:33:48 AM
1677393042,02.26.2023 06:30:42 AM
1677393033,02.26.2023 06:30:33 AM
1677305961,02.25.2023 06:19:21 AM
1677305723,02.25.2023 06:15:23 AM
1677305573,02.25.2023 06:12:53 AM
1677305533,02.25.2023 06:12:13 AM
1677305471,02.25.2023 06:11:11 AM
1677305410,02.25.2023 06:10:10 AM
1677305397,02.25.2023 06:09:57 AM
1677304959,02.25.2023 06:02:39 AM
1677304903,02.25.2023 06:01:43 AM
1677304856,02.25.2023 06:00:56 AM
1677304833,02.25.2023 06:00:33 AM
1677304818,02.25.2023 06:00:18 AM
1677277009,02.24.2023 10:16:49 PM
1677272466,02.24.2023 09:01:06 PM
1677170264,02.23.2023 04:37:44 PM
1677167592,02.23.2023 03:53:12 PM
1677167568,02.23.2023 03:52:48 PM
1677167274,02.23.2023 03:47:54 PM
1677134782,02.23.2023 06:46:22 AM
1677134745,02.23.2023 06:45:45 AM
1677109766,02.22.2023 11:49:26 PM
1677084838,02.22.2023 04:53:58 PM
1677033876,02.22.2023 02:44:36 AM
1677033831,02.22.2023 02:43:51 AM
1677016018,02.21.2023 09:46:58 PM
1677015973,02.21.2023 09:46:13 PM
1677015442,02.21.2023 09:37:22 PM
1677015360,02.21.2023 09:36:00 PM
1676956513,02.21.2023 05:15:13 AM
1676956404,02.21.2023 05:13:24 AM
1676947991,02.21.2023 02:53:11 AM
1676947911,02.21.2023 02:51:51 AM
1676947846,02.21.2023 02:50:46 AM
1676946427,02.21.2023 02:27:07 AM
1676946319,02.21.2023 02:25:19 AM
1676946283,02.21.2023 02:24:43 AM
1676946244,02.21.2023 02:24:04 AM
1676946205,02.21.2023 02:23:25 AM
1676946192,02.21.2023 02:23:12 AM
1676946073,02.21.2023 02:21:13 AM
1676946056,02.21.2023 02:20:56 AM
1676943468,02.21.2023 01:37:48 AM
1676858958,02.20.2023 02:09:18 AM
1676841183,02.19.2023 09:13:03 PM
1676840977,02.19.2023 09:09:37 PM
1676800325,02.19.2023 09:52:05 AM
1676788675,02.19.2023 06:37:55 AM
1676788501,02.19.2023 06:35:01 AM
1676788360,02.19.2023 06:32:40 AM
1676787632,02.19.2023 06:20:32 AM
1676686316,02.18.2023 02:11:56 AM
1676686269,02.18.2023 02:11:09 AM
1676686136,02.18.2023 02:08:56 AM
1676686111,02.18.2023 02:08:31 AM
1676686081,02.18.2023 02:08:01 AM
1676674266,02.17.2023 10:51:06 PM
1676674136,02.17.2023 10:48:56 PM
1676674081,02.17.2023 10:48:01 PM
1676674012,02.17.2023 10:46:52 PM
1676652610,02.17.2023 04:50:10 PM
1676649331,02.17.2023 03:55:31 PM
1676649298,02.17.2023 03:54:58 PM
1676649277,02.17.2023 03:54:37 PM
1676649153,02.17.2023 03:52:33 PM
1676617861,02.17.2023 07:11:01 AM
1676617706,02.17.2023 07:08:26 AM
1676614422,02.17.2023 06:13:42 AM
1676613842,02.17.2023 06:04:02 AM
1676607202,02.17.2023 04:13:22 AM
1676607075,02.17.2023 04:11:15 AM
1676591756,02.16.2023 11:55:56 PM
1676583247,02.16.2023 09:34:07 PM
1676583078,02.16.2023 09:31:18 PM
1676583061,02.16.2023 09:31:01 PM
1679127531,03.18.2023 08:18:51 AM
1679127462,03.18.2023 08:17:42 AM
1678930075,03.16.2023 01:27:55 AM
1678757808,03.14.2023 01:36:48 AM
1678646458,03.12.2023 06:40:58 PM
1678597589,03.12.2023 05:06:29 AM
1678567017,03.11.2023 08:36:57 PM
1678566794,03.11.2023 08:33:14 PM
1678465633,03.10.2023 04:27:13 PM
1678465199,03.10.2023 04:19:59 PM
1678433356,03.10.2023 07:29:16 AM
1678428289,03.10.2023 06:04:49 AM
1678426039,03.10.2023 05:27:19 AM
1678425595,03.10.2023 05:19:55 AM
1678422306,03.10.2023 04:25:06 AM
1678422266,03.10.2023 04:24:26 AM
1678422073,03.10.2023 04:21:13 AM
1678422035,03.10.2023 04:20:35 AM
1678421870,03.10.2023 04:17:50 AM
1678421844,03.10.2023 04:17:24 AM
1678414002,03.10.2023 02:06:42 AM
1678413373,03.10.2023 01:56:13 AM
1678413304,03.10.2023 01:55:04 AM
1678413259,03.10.2023 01:54:19 AM
1678413212,03.10.2023 01:53:32 AM
1678413189,03.10.2023 01:53:09 AM
1678399167,03.09.2023 09:59:27 PM
1678397762,03.09.2023 09:36:02 PM
1678397437,03.09.2023 09:30:37 PM
1678396863,03.09.2023 09:21:03 PM
1678396815,03.09.2023 09:20:15 PM
1678396716,03.09.2023 09:18:36 PM
1678396623,03.09.2023 09:17:03 PM
1678396103,03.09.2023 09:08:23 PM
1678395955,03.09.2023 09:05:55 PM
1678395893,03.09.2023 09:04:53 PM
1678395866,03.09.2023 09:04:26 PM
1678395705,03.09.2023 09:01:45 PM
1678395596,03.09.2023 08:59:56 PM
1678377537,03.09.2023 03:58:57 PM
1678377500,03.09.2023 03:58:20 PM
1678377382,03.09.2023 03:56:22 PM
1678377262,03.09.2023 03:54:22 PM
1678339702,03.09.2023 05:28:22 AM
1678334376,03.09.2023 03:59:36 AM
1678307879,03.08.2023 08:37:59 PM
1678307820,03.08.2023 08:37:00 PM
1678307760,03.08.2023 08:36:00 PM
1678307618,03.08.2023 08:33:38 PM
1678307510,03.08.2023 08:31:50 PM
1678307330,03.08.2023 08:28:50 PM
1678306884,03.08.2023 08:21:24 PM
1678306688,03.08.2023 08:18:08 PM
1678246453,03.08.2023 03:34:13 AM
1678246132,03.08.2023 03:28:52 AM
1678236106,03.08.2023 12:41:46 AM
1678208648,03.07.2023 05:04:08 PM
1678208561,03.07.2023 05:02:41 PM
1678168496,03.07.2023 05:54:56 AM
1678168471,03.07.2023 05:54:31 AM
1678168394,03.07.2023 05:53:14 AM
1678155468,03.07.2023 02:17:48 AM
1678137526,03.06.2023 09:18:46 PM
1678137465,03.06.2023 09:17:45 PM
1678137253,03.06.2023 09:14:13 PM
1678137079,03.06.2023 09:11:19 PM
1678136968,03.06.2023 09:09:28 PM
1678136881,03.06.2023 09:08:01 PM
1678136619,03.06.2023 09:03:39 PM
1677995042,03.05.2023 05:44:02 AM
1677994875,03.05.2023 05:41:15 AM
1677994834,03.05.2023 05:40:34 AM
1677994708,03.05.2023 05:38:28 AM
1677991356,03.05.2023 04:42:36 AM
1677991262,03.05.2023 04:41:02 AM
1677991188,03.05.2023 04:39:48 AM
1677991155,03.05.2023 04:39:15 AM
1677990518,03.05.2023 04:28:38 AM
1677899447,03.04.2023 03:10:47 AM
1677899359,03.04.2023 03:09:19 AM
1677879847,03.03.2023 09:44:07 PM
1677879701,03.03.2023 09:41:41 PM
1677829051,03.03.2023 07:37:31 AM
1677829028,03.03.2023 07:37:08 AM
1677828963,03.03.2023 07:36:03 AM
1677820189,03.03.2023 05:09:49 AM
1677820007,03.03.2023 05:06:47 AM
1677819765,03.03.2023 05:02:45 AM
1677775790,03.02.2023 04:49:50 PM
1677775692,03.02.2023 04:48:12 PM
1677741636,03.02.2023 07:20:36 AM
1677741197,03.02.2023 07:13:17 AM
1677741031,03.02.2023 07:10:31 AM
1677738748,03.02.2023 06:32:28 AM
1677728068,03.02.2023 03:34:28 AM
1677689606,03.01.2023 04:53:26 PM
1677689344,03.01.2023 04:49:04 PM
1677686109,03.01.2023 03:55:09 PM
1677650307,03.01.2023 05:58:27 AM
1677650245,03.01.2023 05:57:25 AM
1680623993,04.04.2023 03:59:53 PM
1680623867,04.04.2023 03:57:47 PM
1680537351,04.03.2023 03:55:51 PM
1680537314,04.03.2023 03:55:14 PM
1680491179,04.03.2023 03:06:19 AM
1680478690,04.02.2023 11:38:10 PM
1680469492,04.02.2023 09:04:52 PM
1680469389,04.02.2023 09:03:09 PM
1680469334,04.02.2023 09:02:14 PM
1680469307,04.02.2023 09:01:47 PM
1680381181,04.01.2023 08:33:01 PM
1680380940,04.01.2023 08:29:00 PM
1680380587,04.01.2023 08:23:07 PM
1680380567,04.01.2023 08:22:47 PM
1680380548,04.01.2023 08:22:28 PM
1680380468,04.01.2023 08:21:08 PM
1680329633,04.01.2023 06:13:53 AM
1680329551,04.01.2023 06:12:31 AM
1680329488,04.01.2023 06:11:28 AM
1680236313,03.31.2023 04:18:33 AM
1680231915,03.31.2023 03:05:15 AM
1680231763,03.31.2023 03:02:43 AM
1680213585,03.30.2023 09:59:45 PM
1680213358,03.30.2023 09:55:58 PM
1680210954,03.30.2023 09:15:54 PM
1680210703,03.30.2023 09:11:43 PM
1680210580,03.30.2023 09:09:40 PM
1680155104,03.30.2023 05:45:04 AM
1680155010,03.30.2023 05:43:30 AM
1680154981,03.30.2023 05:43:01 AM
1680154837,03.30.2023 05:40:37 AM
1680154741,03.30.2023 05:39:01 AM
1680154489,03.30.2023 05:34:49 AM
1680135027,03.30.2023 12:10:27 AM
1680134909,03.30.2023 12:08:29 AM
1680125188,03.29.2023 09:26:28 PM
1680125077,03.29.2023 09:24:37 PM
1680124944,03.29.2023 09:22:24 PM
1680119345,03.29.2023 07:49:05 PM
1680111672,03.29.2023 05:41:12 PM
1680111619,03.29.2023 05:40:19 PM
1680111300,03.29.2023 05:35:00 PM
1680102449,03.29.2023 03:07:29 PM
1680102311,03.29.2023 03:05:11 PM
1680102250,03.29.2023 03:04:10 PM
1680102125,03.29.2023 03:02:05 PM
1680102033,03.29.2023 03:00:33 PM
1680101962,03.29.2023 02:59:22 PM
1680073819,03.29.2023 07:10:19 AM
1680043671,03.28.2023 10:47:51 PM
1680043379,03.28.2023 10:42:59 PM
1680043133,03.28.2023 10:38:53 PM
1680042876,03.28.2023 10:34:36 PM
1680021852,03.28.2023 04:44:12 PM
1680021701,03.28.2023 04:41:41 PM
1680021513,03.28.2023 04:38:33 PM
1680021420,03.28.2023 04:37:00 PM
1680018825,03.28.2023 03:53:45 PM
1680018782,03.28.2023 03:53:02 PM
1680018741,03.28.2023 03:52:21 PM
1680018481,03.28.2023 03:48:01 PM
1679982769,03.28.2023 05:52:49 AM
1679982746,03.28.2023 05:52:26 AM
1679982675,03.28.2023 05:51:15 AM
1679982626,03.28.2023 05:50:26 AM
1679982471,03.28.2023 05:47:51 AM
1679982299,03.28.2023 05:44:59 AM
1679982170,03.28.2023 05:42:50 AM
1679982104,03.28.2023 05:41:44 AM
1679982033,03.28.2023 05:40:33 AM
1679978330,03.28.2023 04:38:50 AM
1679978137,03.28.2023 04:35:37 AM
1679978021,03.28.2023 04:33:41 AM
1679973459,03.28.2023 03:17:39 AM
1679967377,03.28.2023 01:36:17 AM
1679885172,03.27.2023 02:46:12 AM
1679874186,03.26.2023 11:43:06 PM
1679874154,03.26.2023 11:42:34 PM
1679874138,03.26.2023 11:42:18 PM
1679874106,03.26.2023 11:41:46 PM
1679874083,03.26.2023 11:41:23 PM
1679873854,03.26.2023 11:37:34 PM
1679842852,03.26.2023 03:00:52 PM
1679721333,03.25.2023 05:15:33 AM
1679619661,03.24.2023 01:01:01 AM
1679563721,03.23.2023 09:28:41 AM
1679563164,03.23.2023 09:19:24 AM
1679540594,03.23.2023 03:03:14 AM
1679436047,03.21.2023 10:00:47 PM
1679359166,03.21.2023 12:39:26 AM
1679270546,03.20.2023 12:02:26 AM
1679270404,03.20.2023 12:00:04 AM
1679267517,03.19.2023 11:11:57 PM
1679267396,03.19.2023 11:09:56 PM
1679259114,03.19.2023 08:51:54 PM
1679257770,03.19.2023 08:29:30 PM
1679257758,03.19.2023 08:29:18 PM
1679256664,03.19.2023 08:11:04 PM
1679252864,03.19.2023 07:07:44 PM
1679214821,03.19.2023 08:33:41 AM

Converted by Epoch Converter (Batch Conversion Tool) on Tue Apr 18 2023
https://www.epochconverter.com
