,date
1,2022-12-03 02:46:29 UTC
2,2022-12-03 15:56:24 UTC
3,2022-12-03 15:56:25 UTC
4,2022-12-03 20:12:47 UTC
5,2022-12-03 21:23:21 UTC
6,2022-12-03 23:29:20 UTC
7,2022-12-04 00:36:09 UTC
8,2022-12-04 01:41:26 UTC
9,2022-12-04 02:43:44 UTC
10,2022-12-04 04:35:05 UTC
11,2022-12-04 16:16:25 UTC
12,2022-12-04 18:04:04 UTC
13,2022-12-04 20:04:09 UTC
14,2022-12-05 01:28:41 UTC
15,2022-12-05 02:34:28 UTC
16,2022-12-05 16:41:20 UTC
17,2022-12-05 18:34:22 UTC
18,2022-12-05 20:37:11 UTC
19,2022-12-05 21:35:11 UTC
20,2022-12-05 21:54:11 UTC
21,2022-12-06 00:32:48 UTC
22,2022-12-06 01:51:49 UTC
23,2022-12-06 01:51:50 UTC
24,2022-12-06 16:21:52 UTC
25,2022-12-06 18:00:13 UTC
26,2022-12-06 19:00:27 UTC
27,2022-12-06 20:05:24 UTC
28,2022-12-06 23:07:54 UTC
29,2022-12-07 01:08:27 UTC
30,2022-12-07 03:44:32 UTC
31,2022-12-07 16:27:21 UTC
32,2022-12-07 16:54:19 UTC
33,2022-12-07 17:31:10 UTC
34,2022-12-07 18:34:52 UTC
35,2022-12-08 04:44:04 UTC
36,2022-12-08 16:18:33 UTC
37,2022-12-08 17:55:23 UTC
38,2022-12-08 19:56:38 UTC
39,2022-12-08 19:58:10 UTC
40,2022-12-09 02:15:11 UTC
41,2022-12-09 03:21:13 UTC
42,2022-12-09 16:26:01 UTC
43,2022-12-09 18:00:59 UTC
44,2022-12-09 21:00:11 UTC
45,2022-12-10 03:03:39 UTC
46,2022-12-10 03:57:05 UTC
47,2022-12-10 15:28:55 UTC
48,2022-12-10 17:19:06 UTC
49,2022-12-10 18:54:00 UTC
50,2022-12-10 20:34:41 UTC
51,2022-12-10 21:38:20 UTC
52,2022-12-10 23:23:43 UTC
53,2022-12-11 01:06:23 UTC
54,2022-12-11 02:30:33 UTC
55,2022-12-11 04:27:40 UTC
56,2022-12-11 20:51:23 UTC
57,2022-12-11 21:55:27 UTC
58,2022-12-12 00:21:33 UTC
59,2022-12-12 01:11:57 UTC
60,2022-12-12 01:23:01 UTC
61,2022-12-12 02:26:45 UTC
62,2022-12-12 03:49:55 UTC
63,2022-12-12 15:31:31 UTC
64,2022-12-12 17:01:02 UTC
65,2022-12-12 21:34:26 UTC
66,2022-12-12 21:36:00 UTC
67,2022-12-12 22:58:59 UTC
68,2022-12-13 00:35:14 UTC
69,2022-12-13 01:57:03 UTC
70,2022-12-14 01:11:15 UTC
71,2022-12-14 14:21:32 UTC
72,2022-12-14 16:01:59 UTC
73,2022-12-14 17:51:11 UTC
74,2022-12-14 18:52:00 UTC
75,2022-12-14 21:23:53 UTC
76,2022-12-15 01:31:50 UTC
77,2022-12-15 15:49:40 UTC
78,2022-12-15 16:50:08 UTC
79,2022-12-15 20:16:55 UTC
80,2022-12-16 01:05:13 UTC
81,2022-12-16 16:14:49 UTC
82,2022-12-16 17:19:44 UTC
83,2022-12-16 21:33:10 UTC
84,2022-12-17 15:07:58 UTC
85,2022-12-17 17:41:56 UTC
86,2022-12-17 17:41:56 UTC
87,2022-12-17 19:46:45 UTC
88,2022-12-18 16:14:22 UTC
89,2022-12-18 22:02:15 UTC
90,2022-12-19 15:22:37 UTC
91,2022-12-20 02:23:55 UTC
92,2022-12-20 02:59:48 UTC
93,2022-12-20 18:06:31 UTC
94,2022-12-21 01:18:02 UTC
95,2022-12-21 18:55:26 UTC
96,2022-12-21 18:55:26 UTC
97,2022-12-22 00:32:51 UTC
98,2022-12-22 01:33:35 UTC
99,2022-12-22 01:51:07 UTC
100,2022-12-22 02:30:13 UTC
101,2022-12-22 04:06:46 UTC
102,2022-12-22 20:23:36 UTC
103,2022-12-23 18:30:19 UTC
104,2022-12-23 19:29:22 UTC
105,2022-12-23 20:37:32 UTC
106,2022-12-23 22:08:45 UTC
107,2022-12-24 23:00:51 UTC
108,2022-12-25 01:12:14 UTC
109,2022-12-25 01:12:14 UTC
110,2022-12-25 23:19:16 UTC
111,2022-12-26 00:30:46 UTC
112,2022-12-26 02:51:41 UTC
113,2022-12-26 04:01:40 UTC
114,2022-12-26 05:13:48 UTC
115,2022-12-26 05:13:48 UTC
116,2022-12-26 21:51:48 UTC
117,2022-12-27 01:17:08 UTC
118,2022-12-27 02:29:49 UTC
119,2022-12-27 03:33:57 UTC
120,2022-12-27 19:31:58 UTC
121,2022-12-28 05:17:17 UTC
122,2022-12-29 00:24:13 UTC
123,2022-12-29 01:24:44 UTC
124,2022-12-29 02:38:48 UTC
125,2022-12-29 23:40:16 UTC
126,2022-12-30 21:25:49 UTC
127,2022-12-30 22:12:52 UTC
128,2022-12-30 23:32:47 UTC
129,2022-12-30 23:58:01 UTC
130,2022-12-31 01:03:43 UTC
131,2022-12-31 01:03:43 UTC
132,2022-12-31 02:06:01 UTC
133,2022-12-31 03:07:35 UTC
134,2022-12-31 22:24:57 UTC
135,2023-01-01 06:59:19 UTC
136,2023-01-03 00:06:59 UTC
137,2023-01-03 01:21:51 UTC
138,2023-01-03 02:23:14 UTC
139,2023-01-03 17:30:55 UTC
140,2023-01-04 04:12:12 UTC
141,2023-01-04 17:20:37 UTC
142,2023-01-05 17:04:33 UTC
143,2023-01-05 19:34:43 UTC
144,2023-01-07 02:49:52 UTC
145,2023-01-07 20:34:53 UTC
146,2023-01-09 04:09:56 UTC
147,2023-01-09 06:04:51 UTC
148,2023-01-09 07:07:15 UTC
149,2023-01-09 20:05:59 UTC
150,2023-01-11 02:14:01 UTC
151,2023-01-11 02:23:48 UTC
152,2023-01-11 03:19:02 UTC
153,2023-01-11 04:54:58 UTC
154,2023-01-11 16:26:43 UTC
155,2023-01-11 16:27:05 UTC
156,2023-01-11 18:55:17 UTC
157,2023-01-11 21:00:36 UTC
158,2023-01-12 01:15:45 UTC
159,2023-01-12 22:54:34 UTC
160,2023-01-13 01:06:32 UTC
161,2023-01-13 01:06:32 UTC
162,2023-01-13 23:45:42 UTC
163,2023-01-14 00:45:45 UTC
164,2023-01-14 01:05:19 UTC
165,2023-01-14 01:49:52 UTC
166,2023-01-14 03:45:25 UTC
167,2023-01-14 06:18:08 UTC
168,2023-01-14 06:18:10 UTC
169,2023-01-14 16:58:21 UTC
170,2023-01-14 20:10:51 UTC
171,2023-01-14 21:19:14 UTC
172,2023-01-14 22:23:02 UTC
173,2023-01-15 00:17:57 UTC
174,2023-01-15 00:18:31 UTC
175,2023-01-15 01:11:48 UTC
176,2023-01-15 18:20:39 UTC
177,2023-01-17 17:32:28 UTC
178,2023-01-17 19:16:10 UTC
179,2023-01-17 20:43:08 UTC
180,2023-01-18 16:30:44 UTC
181,2023-01-18 20:46:48 UTC
182,2023-01-18 22:59:43 UTC
183,2023-01-19 01:18:32 UTC
184,2023-01-19 17:08:14 UTC
185,2023-01-19 19:17:58 UTC
186,2023-01-19 20:22:54 UTC
187,2023-01-20 02:14:19 UTC
188,2023-01-20 03:52:20 UTC
189,2023-01-20 16:24:59 UTC
190,2023-01-20 16:37:39 UTC
191,2023-01-20 17:45:41 UTC
192,2023-01-21 02:58:35 UTC
193,2023-01-21 18:20:29 UTC
194,2023-01-21 21:07:28 UTC
195,2023-01-21 23:25:16 UTC
196,2023-01-22 01:00:24 UTC
197,2023-01-22 18:17:03 UTC
198,2023-01-23 03:29:48 UTC
199,2023-01-23 16:32:54 UTC
200,2023-01-23 18:28:01 UTC
201,2023-01-23 20:20:39 UTC
202,2023-01-24 17:39:10 UTC
203,2023-01-24 20:39:13 UTC
204,2023-01-24 20:39:20 UTC
205,2023-01-25 16:25:03 UTC
206,2023-01-25 18:51:19 UTC
207,2023-01-25 20:39:14 UTC
208,2023-01-25 22:21:46 UTC
209,2023-01-26 01:53:52 UTC
210,2023-01-26 02:59:35 UTC
211,2023-01-26 17:26:09 UTC
212,2023-01-26 19:17:07 UTC
213,2023-01-26 23:10:09 UTC
214,2023-01-27 16:24:04 UTC
215,2023-01-27 21:17:35 UTC
216,2023-01-27 22:27:26 UTC
217,2023-01-27 22:28:36 UTC
218,2023-01-28 03:42:35 UTC
219,2023-01-28 18:24:00 UTC
220,2023-01-28 23:55:20 UTC
221,2023-01-29 02:27:40 UTC
222,2023-01-29 16:06:37 UTC
223,2023-01-29 17:08:11 UTC
224,2023-01-29 17:08:28 UTC
225,2023-01-30 02:57:36 UTC
226,2023-01-30 16:27:33 UTC
227,2023-01-30 17:52:04 UTC
228,2023-01-30 20:35:57 UTC
229,2023-01-31 02:50:16 UTC
230,2023-01-31 17:08:23 UTC
231,2023-01-31 17:22:13 UTC
232,2023-01-31 20:28:03 UTC
233,2023-02-01 16:50:31 UTC
234,2023-02-01 19:56:33 UTC
235,2023-02-01 20:57:12 UTC
236,2023-02-01 22:29:58 UTC
237,2023-02-02 00:30:36 UTC
238,2023-02-02 01:29:10 UTC
239,2023-02-02 01:29:38 UTC
240,2023-02-02 15:28:19 UTC
241,2023-02-02 17:26:51 UTC
242,2023-02-02 20:47:46 UTC
243,2023-02-03 16:27:59 UTC
244,2023-02-03 19:59:09 UTC
245,2023-02-03 20:49:00 UTC
246,2023-02-04 01:29:30 UTC
247,2023-02-04 03:28:22 UTC
248,2023-02-04 18:59:29 UTC
249,2023-02-04 20:49:55 UTC
250,2023-02-04 22:55:47 UTC
251,2023-02-05 20:02:49 UTC
252,2023-02-05 22:12:19 UTC
253,2023-02-06 03:03:24 UTC
254,2023-02-06 16:18:19 UTC
255,2023-02-06 17:41:56 UTC
256,2023-02-06 20:31:30 UTC
257,2023-02-06 22:41:00 UTC
258,2023-02-07 01:13:50 UTC
259,2023-02-07 05:22:03 UTC
260,2023-02-07 17:22:54 UTC
261,2023-02-07 17:41:56 UTC
262,2023-02-07 18:49:24 UTC
263,2023-02-07 20:29:56 UTC
264,2023-02-07 22:00:30 UTC
265,2023-02-08 16:06:01 UTC
266,2023-02-08 19:52:14 UTC
267,2023-02-09 01:09:11 UTC
268,2023-02-09 03:31:19 UTC
269,2023-02-09 17:05:55 UTC
270,2023-02-09 18:50:00 UTC
271,2023-02-09 20:35:18 UTC
272,2023-02-09 22:50:48 UTC
273,2023-02-10 16:19:45 UTC
274,2023-02-10 16:55:09 UTC
275,2023-02-10 19:54:36 UTC
276,2023-02-11 02:25:34 UTC
277,2023-02-11 05:24:31 UTC
278,2023-02-11 17:37:16 UTC
279,2023-02-11 18:46:40 UTC
280,2023-02-12 03:41:58 UTC
281,2023-02-12 04:44:08 UTC
282,2023-02-12 18:33:16 UTC
283,2023-02-12 19:33:19 UTC
284,2023-02-12 23:23:44 UTC
285,2023-02-13 00:42:02 UTC
286,2023-02-13 00:42:49 UTC
287,2023-02-13 05:01:50 UTC
288,2023-02-13 15:50:38 UTC
289,2023-02-13 16:50:52 UTC
290,2023-02-13 20:47:15 UTC
291,2023-02-14 01:40:31 UTC
292,2023-02-14 17:45:20 UTC
293,2023-02-14 18:53:29 UTC
294,2023-02-14 19:58:08 UTC
295,2023-02-14 21:01:11 UTC
296,2023-02-14 22:06:10 UTC
297,2023-02-15 16:07:10 UTC
298,2023-02-15 20:32:33 UTC
299,2023-02-15 22:37:22 UTC
300,2023-02-16 03:30:36 UTC
301,2023-02-16 15:18:10 UTC
302,2023-02-16 17:30:12 UTC
303,2023-02-16 17:30:45 UTC
304,2023-02-16 19:19:30 UTC
305,2023-02-16 21:27:21 UTC
306,2023-02-16 22:24:12 UTC
307,2023-02-16 22:45:26 UTC
308,2023-02-17 14:46:48 UTC
309,2023-02-17 15:49:56 UTC
310,2023-02-17 16:50:35 UTC
311,2023-02-17 18:35:43 UTC
312,2023-02-17 20:01:21 UTC
313,2023-02-17 21:46:05 UTC
314,2023-02-17 23:02:38 UTC
315,2023-02-18 00:25:03 UTC
316,2023-02-18 01:53:01 UTC
317,2023-02-18 14:35:11 UTC
318,2023-02-18 18:05:52 UTC
319,2023-02-18 18:05:52 UTC
320,2023-02-18 18:18:53 UTC
321,2023-02-18 20:48:18 UTC
322,2023-02-18 22:37:02 UTC
323,2023-02-19 00:32:35 UTC
324,2023-02-19 02:07:10 UTC
325,2023-02-19 17:10:15 UTC
326,2023-02-19 18:32:47 UTC
327,2023-02-20 03:32:13 UTC
328,2023-02-20 22:46:53 UTC
329,2023-02-21 01:23:09 UTC
330,2023-02-21 17:25:39 UTC
331,2023-02-21 19:02:00 UTC
332,2023-02-21 20:53:01 UTC
333,2023-02-21 21:56:09 UTC
334,2023-02-22 01:17:39 UTC
335,2023-02-22 16:27:54 UTC
336,2023-02-22 22:26:33 UTC
337,2023-02-23 21:22:00 UTC
338,2023-02-23 21:22:01 UTC
339,2023-02-23 22:37:25 UTC
340,2023-02-23 22:37:25 UTC
341,2023-02-24 01:21:36 UTC
342,2023-02-24 02:23:01 UTC
343,2023-02-24 04:09:45 UTC
344,2023-02-24 15:35:44 UTC
345,2023-02-24 16:36:19 UTC
346,2023-02-24 18:45:27 UTC
347,2023-02-24 19:51:24 UTC
348,2023-02-24 22:24:49 UTC
349,2023-02-25 01:50:07 UTC
350,2023-02-25 02:59:54 UTC
351,2023-02-25 04:38:48 UTC
352,2023-02-25 18:02:15 UTC
353,2023-02-25 19:46:49 UTC
354,2023-02-26 02:48:04 UTC
355,2023-02-26 02:48:15 UTC
356,2023-02-26 04:36:32 UTC
357,2023-02-26 17:59:51 UTC
358,2023-02-26 19:06:10 UTC
359,2023-02-26 22:28:44 UTC
360,2023-02-27 01:00:59 UTC
361,2023-02-27 02:04:09 UTC
362,2023-02-27 05:19:39 UTC
363,2023-02-27 15:02:05 UTC
364,2023-02-27 16:24:05 UTC
365,2023-02-27 17:55:32 UTC
366,2023-02-27 20:22:27 UTC
367,2023-02-28 01:04:57 UTC
368,2023-02-28 02:14:54 UTC
369,2023-02-28 03:17:11 UTC
370,2023-02-28 04:43:31 UTC
371,2023-02-28 17:38:08 UTC
372,2023-02-28 19:18:49 UTC
373,2023-02-28 20:42:24 UTC
374,2023-02-28 21:42:53 UTC
375,2023-02-28 23:52:23 UTC
376,2023-02-28 23:54:36 UTC
377,2023-03-01 16:42:44 UTC
378,2023-03-01 17:21:12 UTC
379,2023-03-01 20:18:50 UTC
380,2023-03-01 22:46:54 UTC
381,2023-03-02 15:23:48 UTC
382,2023-03-02 17:38:18 UTC
383,2023-03-02 19:20:16 UTC
384,2023-03-02 20:27:57 UTC
385,2023-03-03 00:09:35 UTC
386,2023-03-03 16:39:23 UTC
387,2023-03-05 15:11:00 UTC
388,2023-03-05 15:11:01 UTC
389,2023-03-05 16:25:07 UTC
390,2023-03-05 17:57:27 UTC
391,2023-03-05 19:21:46 UTC
392,2023-03-06 00:07:50 UTC
393,2023-03-06 16:21:26 UTC
394,2023-03-06 19:55:11 UTC
395,2023-03-06 20:55:23 UTC
396,2023-03-06 23:53:44 UTC
397,2023-03-07 15:59:32 UTC
398,2023-03-07 17:25:08 UTC
399,2023-03-07 18:53:09 UTC
400,2023-03-07 20:07:41 UTC
401,2023-03-07 20:58:46 UTC
402,2023-03-07 22:18:09 UTC
403,2023-03-08 00:08:49 UTC
404,2023-03-08 16:26:29 UTC
405,2023-03-08 16:26:55 UTC
406,2023-03-08 19:57:44 UTC
407,2023-03-09 17:16:54 UTC
408,2023-03-09 17:17:26 UTC
409,2023-03-10 00:26:27 UTC
410,2023-03-10 05:30:27 UTC
411,2023-03-10 16:31:12 UTC
412,2023-03-11 21:05:13 UTC
413,2023-03-12 16:32:25 UTC
414,2023-03-12 17:39:22 UTC
415,2023-03-12 18:59:41 UTC
416,2023-03-12 19:59:53 UTC
417,2023-03-12 20:43:01 UTC
